surface-tension,contact-angle,dynamic-viscosity,travel-distance,dunking-time,pore-radius,biscuit
0.0845956324584587,1.557367032478192,0.0009814830091385,0.0032205495542128,24.2311065424372,7.453712135492654e-07,Hobnob
0.0642912318275465,1.5388422115607554,0.0009975033413744,0.0023950588951781,22.169764818033904,2.600679920403219e-07,Rich Tea
0.0862235631288667,1.5461380388178143,0.0010076172459006,0.0030364515927952,23.25770905910201,3.73461769779581e-07,Rich Tea
0.0828590710652354,1.5668780336011534,0.0009974565756668,0.0012606889246228,12.717431992562547,7.567172656627005e-07,Rich Tea
0.0908324449331105,1.570229053820606,0.0010017078574895,0.0005760748801939,15.189146468953714,8.23906656220311e-07,Rich Tea
0.0854121778402652,1.3604017685724548,0.0009892151347059,0.0097506682633014,21.397341421525,5.01835012639196e-07,Hobnob
0.0669170066369347,1.5356457801664871,0.0010160744880847,0.0038397928479982,25.38746387476213,4.994777674214031e-07,Hobnob
0.0523628697779118,1.4209383518343135,0.0010017016209402,0.0059282190294536,29.509934955425745,2.950067565152818e-07,Rich Tea
0.08877895995386,1.5647324151432775,0.001005728984568,0.0016314727135255,18.067934751137656,5.719191059786277e-07,Rich Tea
0.0697923014334331,1.221024659471075,0.0010008527801439,0.0131804834138405,16.143020043111857,8.919035126826444e-07,Digestive
0.0781824567403765,1.3876416825594022,0.0009946271438979,0.0102261526773104,29.196137913377413,5.028463629494296e-07,Hobnob
0.0785646739890139,1.542858667195145,0.0009969529627265,0.0022068594641411,10.148464514341196,4.297786970529531e-07,Hobnob
0.0559613337714687,1.2861351477613376,0.0009911965314796,0.0119749095733575,24.273962853923088,7.25047572715212e-07,Digestive
0.0561676368032831,1.477580455619716,0.0010169655909877,0.0037240069379432,17.328251200937764,3.1165323428789506e-07,Rich Tea
0.072068906246144,1.4966233815847405,0.0010097663610117,0.004143266719549,20.24514587178705,3.174776497387664e-07,Rich Tea
0.0647594925472194,1.2964021019712848,0.0009823138251846,0.0094185304895855,19.64058393572986,5.116596836301103e-07,Hobnob
0.0643703061534033,1.4593578852456064,0.0010002779477437,0.0031813296952105,10.64825068489842,2.6825868694351084e-07,Rich Tea
0.0646404144132905,1.293794401774656,0.0010131429042543,0.0056286782047298,14.08712099206471,2.5591987029743814e-07,Rich Tea
0.0761068593097915,1.471618636151245,0.0009824419552973,0.0041702433381607,15.939468787459854,2.92858073519736e-07,Rich Tea
0.0756716064684428,1.4410081765998486,0.0009986608282952,0.0079138203675602,17.728199695896105,7.137297520142723e-07,Digestive
0.0791593127413517,1.5414377242518211,0.0009934868656528,0.0023745518805335,17.27062646344084,2.743243456321245e-07,Rich Tea
0.0759515841483851,1.4701456503306405,0.0009953779171681,0.0064882628704841,27.708239667258145,4.06444398366189e-07,Rich Tea
0.071695428363261,1.4185077808276394,0.0010010643960931,0.0084433424993012,17.325197588804134,7.894796706064666e-07,Digestive
0.0757763817862345,1.4805482923514488,0.0010026790659091,0.0057382750737519,20.723273982999547,4.669994930756678e-07,Hobnob
0.0793362696723498,1.5665655842276274,0.0009939656696475,0.0009086581816278,16.373308406663448,3.00700117921395e-07,Rich Tea
0.0852749806532173,1.471617887298003,0.0010099196275518,0.0050009024585066,12.726663152407149,4.771920830019693e-07,Hobnob
0.0709835947216443,1.5524951516245542,0.0009819953151561,0.001776639036204,10.84903678298902,4.293578195811919e-07,Hobnob
0.0783292728515696,1.5624768828893874,0.0010099059601155,0.0015186819970202,20.93333433266437,3.4574271955295665e-07,Rich Tea
0.0776897598761123,1.5400603756742288,0.0010002673711042,0.0039997551001865,25.40205499623609,5.437856179278294e-07,Hobnob
0.0479435701702168,1.5677516099480029,0.0010078723577471,0.0008350333155585,11.038991103327824,8.604312092926709e-07,Hobnob
0.0611436794937336,1.5611113906520364,0.0009974594229263,0.001274353319964,17.54409249913758,3.18001263529753e-07,Rich Tea
0.0760686513673146,1.3924068722788796,0.0010088952559916,0.0058499320721009,14.213099104434274,3.485691530127726e-07,Rich Tea
0.0852618549029591,1.5214278801661014,0.001017909112733,0.0056836285145958,22.36641824148544,7.043304925484773e-07,Digestive
0.0818676141732936,1.2300540559154318,0.0010130417474911,0.0109288149281015,16.375838007237142,5.377593234349715e-07,Hobnob
0.0803714991176142,1.214232957808551,0.0009973977234615,0.0151979712713873,21.60831842142965,7.484301620181436e-07,Digestive
0.0827386305953005,1.5590702810178825,0.0010083442198533,0.0021405009637031,17.57793674154982,5.650722007700625e-07,Rich Tea
0.0791813898944519,1.5041129194091711,0.0009871061718866,0.0051750390856367,27.58940264338095,3.556519445531561e-07,Rich Tea
0.0696279569028164,1.4559474827357994,0.0010079420551843,0.005208243263159,22.470158551422493,3.07310536777081e-07,Rich Tea
0.0768375539826834,1.3576245296107672,0.0010167722203321,0.0117583508254295,20.674593415273588,8.160594871011867e-07,Digestive
0.0760970483065731,1.4403442023638071,0.0010056792188022,0.0081011452874039,23.06243456900666,5.692790492667183e-07,Hobnob
0.0703049859063766,1.3916430621752376,0.0009797816417937,0.0074122745749094,14.716539410150492,5.893066168769102e-07,Hobnob
0.0707308911952458,1.5288815966241605,0.0009760675234144,0.0036286863777856,15.424958087691568,5.551959381866147e-07,Hobnob
0.0715392987787869,1.4404387535533665,0.0009945698809657,0.0049710699016852,16.501672224281034,3.2694086694970266e-07,Rich Tea
0.0735581912199336,1.284541810549348,0.0009921605982639,0.0068374565927196,10.474991553571009,4.177243288273158e-07,Hobnob
0.0980097771620295,1.5120952822327498,0.00099361030614,0.0040226228179077,27.780139605345145,2.0371250558556518e-07,Rich Tea
0.0981149744292944,1.37292193483196,0.0010055667114586,0.0068747460536514,12.565159846593223,3.849721216884865e-07,Hobnob
0.06488199091568,1.369107381239013,0.0010016299920977,0.0052874363058281,14.845906959331234,2.919155340624713e-07,Rich Tea
0.0626205905985149,1.3028650441503382,0.0010127442110126,0.0086915832880828,20.295814718147145,4.59687862703427e-07,Hobnob
0.0741604854568762,1.5518939467475752,0.0009962079160534,0.003752923392527,23.46789299385413,8.441052150247357e-07,Digestive
0.0826305240428315,1.354855044399908,0.0010051808119421,0.0061414583527141,14.446601095174625,3.032878983289484e-07,Rich Tea
0.0657300958088931,1.4234421080878847,0.000992296710729,0.0057579265455795,20.7296394537656,3.189256214353346e-07,Rich Tea
0.0750910421369862,1.4539288749116095,0.0010106748244739,0.0091893719713021,23.182075099348975,8.429120011577265e-07,Digestive
0.0713752310491277,1.456153468326596,0.0010027483918852,0.0052536106061846,25.647708497877463,2.58342296531601e-07,Rich Tea
0.0791214068117645,1.322755215661672,0.0009914001988481,0.0148499303974023,29.40762470335028,7.821553748287343e-07,Digestive
0.0552350603578574,1.5642571730014962,0.0009777621903185,0.0020059969719235,26.270497202601177,8.197638725886834e-07,Hobnob
0.079515053328848,1.4675817103100148,0.0009972654492529,0.0047871394069567,21.42048522428467,2.617512601823055e-07,Rich Tea
0.0786582940834014,1.5147363967562373,0.0009890486000782,0.0042162086533584,23.55668351094636,3.4106822573248385e-07,Rich Tea
0.0840004477477862,1.4565362910746475,0.0009984603414101,0.0058431958833884,14.022445901759436,5.291053114414403e-07,Hobnob
0.0845873254567471,1.3768057992635785,0.0010045484895291,0.0122988283744437,21.39915106043258,8.657145859937781e-07,Digestive
0.0765169361351744,1.5551573198533413,0.0009919119781316,0.0022407617293088,22.15576375679447,3.7782969828589337e-07,Rich Tea
0.0600302934507029,1.4468709167857832,0.0010127070236093,0.0055171119842813,26.82129039817525,3.135830320934683e-07,Rich Tea
0.0652338132431631,1.31936470627487,0.0009971824371442,0.0080376393175678,28.02266078353805,2.75748595689819e-07,Rich Tea
0.097060491610043,1.56549054256632,0.0010108294149398,0.0010126427973806,10.625205811706834,3.784561392360472e-07,Rich Tea
0.0769584838714849,1.4503611572126578,0.0009851008801478,0.0103682604035963,25.732603732023183,8.677049629000997e-07,Digestive
0.0621069047064423,1.5004173512189698,0.0010167155290723,0.004280024128804,11.26255396947337,7.325215446546494e-07,Digestive
0.0884466596412575,1.5202714647658624,0.0010088786999475,0.0042142199694499,24.95626988757364,3.295684025011062e-07,Rich Tea
0.0646669735640205,1.4044417027118032,0.0009962356735889,0.0098251685603798,23.85930662427692,7.516064135262307e-07,Digestive
0.0726516774475924,1.5625420395740155,0.0009934395164574,0.0021139427253666,27.25287950465716,5.302297136175947e-07,Rich Tea
0.0808452174020689,1.476952969457869,0.0010116601585527,0.0061720074692768,18.209345697853934,5.638908628878376e-07,Hobnob
0.0882215515370605,1.34768953709436,0.0010051288080112,0.0097534747774007,27.58462734113309,3.724386032993559e-07,Rich Tea
0.0662964217836286,1.4138201573838034,0.0010110787246325,0.0064517147950246,11.24763166749329,7.260054672638363e-07,Digestive
0.0787614524605964,1.405706706630612,0.0010100020456702,0.0048944137106015,10.394075143000324,3.636274626085839e-07,Rich Tea
0.0673981187683754,1.5554878206850076,0.0009867843462675,0.0019355891831492,22.13843553864475,3.189716454501183e-07,Rich Tea
0.0716453018296047,1.4735402345206314,0.0009860442986684,0.0075176264948946,23.411751986542512,7.02990903869557e-07,Digestive
0.0759086915317071,1.4907761711608556,0.0009880324666116,0.0060092289122336,23.733081573714884,4.835713847035963e-07,Hobnob
0.0714595309206669,1.5287776383166758,0.001006448415815,0.005994038394247,28.722635566862277,8.369913376626072e-07,Digestive
0.0602363361382952,1.290208604159684,0.0009969285975104,0.0107018725526557,24.459377097923063,5.44198195186496e-07,Hobnob
0.0689753551264441,1.510957176109586,0.0010098628695646,0.0036033464049762,22.21532026282172,2.782870861254072e-07,Rich Tea
0.0758758615305374,1.5530218032326848,0.0009927372844142,0.0023729769145635,28.24918703146301,2.8533709005432405e-07,Rich Tea
0.0632683769826924,1.466184590835387,0.0009890892619825,0.0053921416074255,16.125877741828802,5.371244754873495e-07,Hobnob
0.0935980361982623,1.436981139409964,0.0010079538425396,0.0087871823522613,13.991541291065255,8.669221917547035e-07,Digestive
0.0847843512978386,1.352919759305827,0.0010027834850682,0.0048456099580815,11.544445544604557,2.3169157082884875e-07,Rich Tea
0.0668602267395978,1.5421922281193858,0.0009992684179624,0.0031872828447645,13.760036443931511,7.699813642699431e-07,Digestive
0.0698581483032755,1.4476116614819174,0.0009922457679663,0.0048874376542402,17.169040210650042,3.241971381428079e-07,Rich Tea
0.0806290952940943,1.4214041313451884,0.0010047686208175,0.0060187174668017,27.056244769847527,2.2326292456262318e-07,Rich Tea
0.0719673021801277,1.1557954531508852,0.0009706357584226,0.0167076258336874,23.01871576085824,8.239496185042661e-07,Digestive
0.0748903118035917,1.450209735221688,0.0009906267722163,0.0064718709950936,20.07545990743698,4.63070567380267e-07,Hobnob
0.0851975090008008,1.4389283641332964,0.0009988308397124,0.0038359899484296,10.713803557917636,2.423829102753534e-07,Rich Tea
0.0815133407165819,1.2714555351758186,0.0010105642435546,0.0111152338236751,20.44795923661271,5.013675124856642e-07,Hobnob
0.0642131794953104,1.4471055377812163,0.0010270267953129,0.0042913008546981,16.265912261074888,2.903115312487937e-07,Rich Tea
0.08401261255943,1.5037300592433842,0.0009732293044899,0.003163180794822,13.541310172976262,2.5849775801864305e-07,Rich Tea
0.067718070340479,1.4959915157426589,0.0010134308018761,0.0034895627423644,17.306252478957546,2.851825136534696e-07,Rich Tea
0.0782500205847083,1.441497245463291,0.0010035035233724,0.0071095778129514,20.74205366133824,4.916033527216631e-07,Hobnob
0.0813738250267658,1.497794676940824,0.0009890698528363,0.0050950540135192,10.426995268317922,8.036015558456611e-07,Digestive
0.0870287597190054,1.504659443679516,0.0009920706461093,0.0079631969483502,25.7124584843924,8.36407635711603e-07,Digestive
0.0637008665983818,1.5690148885953503,0.0009890319414329,0.0004827968726831,11.78884833419468,3.476707540402633e-07,Rich Tea
0.0649481227204092,1.455888606312405,0.001017033358556,0.0062971191179048,23.813403020750137,4.65503248331278e-07,Hobnob
0.0680115593814261,1.5589886190109603,0.001001990560396,0.0016843627042225,25.54331905426529,2.7408303801273724e-07,Rich Tea
0.0695998061462634,1.492972246886182,0.0009870760250567,0.0062016328473964,15.414017283389343,8.773565021586719e-07,Digestive
0.0781433928395107,1.5111295047666256,0.0010337417490584,0.004272892291313,10.257323725374894,7.655886939577642e-07,Digestive
0.0868282383042642,1.5067070523604045,0.0009786865685906,0.0037386834322084,10.152730401890793,4.936484654062183e-07,Hobnob
0.077219160234228,1.2472843761737054,0.0010101140858254,0.0088784433160642,20.8863690963,3.1655727904220696e-07,Rich Tea
0.0676026982346042,1.512532025270716,0.0010156311820521,0.0044610171121646,11.946874708567549,8.671562738811305e-07,Digestive
0.0750673387597752,1.236610337015771,0.0010026825277215,0.0127975934077087,18.610518992818356,7.142470944406866e-07,Digestive
0.073536797510115,1.486036571053172,0.0010111750305813,0.007634244052659,22.90801132479059,8.513776266648351e-07,Digestive
0.0696276718244102,1.216092998819585,0.0009825981902304,0.0126347568409607,18.368662761565897,7.054330331811235e-07,Digestive
0.098357064235014,1.503277922930119,0.0010070289754416,0.0045507214613885,20.977493581197688,2.973013194955682e-07,Rich Tea
0.0770943556403256,1.529078684205019,0.0009988086782732,0.0038752500672294,28.62974294972365,3.275807630216971e-07,Rich Tea
0.0709042417153398,1.1786911243404397,0.0009889198465604,0.0105637985743167,18.502731975774488,4.555669373309658e-07,Hobnob
0.0779725613615636,1.563578669205156,0.0010054294869538,0.0014206105850474,21.09275468970185,3.461879136147449e-07,Rich Tea
0.0624011094366228,1.3783175039130615,0.0010021363266451,0.007960427634349,25.941572679374488,3.975376692274487e-07,Hobnob
0.066667665871355,1.5692863763732838,0.0010293023551823,0.0006886205838472,11.974406574290906,8.178664683456285e-07,Rich Tea
0.0630086404953396,1.4596406634294543,0.0009919876526609,0.0047048707056859,13.214854784251605,4.758652020424237e-07,Hobnob
0.0573580597244474,1.2494808800160322,0.0010106296545808,0.0067502948145648,21.702637508790698,2.3169307978171506e-07,Rich Tea
0.0667442951874862,1.198176316921432,0.0009952102657748,0.0085540898031786,20.73042133599745,2.8009596743954e-07,Rich Tea
0.0597868220182933,1.3667842862163362,0.0010094057749207,0.0085960911803445,23.6586485153691,4.952675307190948e-07,Hobnob
0.0798617937801912,1.4747268895231402,0.0010100947437504,0.005754010153221,14.47095526807409,5.85797033734238e-07,Hobnob
0.0450955104270425,1.3713431679056458,0.0010171522374386,0.0051340178861349,18.248860948743964,3.229595343007268e-07,Rich Tea
0.0714352194998283,1.4667196686735802,0.0010066599718257,0.0034281066006223,14.689255922764898,2.218400462356027e-07,Rich Tea
0.0912597523881739,1.4801905068587835,0.0009848060708359,0.0076883163218261,29.76417828379438,4.939518383762663e-07,Hobnob
0.0727129709385568,1.4472415276646429,0.0009983374120538,0.0053667246821592,16.950906527272274,3.758735218910986e-07,Rich Tea
0.0776602117807127,1.2125387257673033,0.0009955464202177,0.0136259691762952,27.98947164675908,4.658311863626776e-07,Hobnob
0.0673058496052893,1.4668681329820434,0.0010001710583233,0.0053770680660691,23.987856867365416,3.462955527494354e-07,Rich Tea
0.0723582957353371,1.567989254105841,0.0010117761809176,0.0010948579351289,23.264718579959407,5.198829657212957e-07,Rich Tea
0.0756559971520542,1.500348139518897,0.0009987517270996,0.0053449515191084,11.67797922399162,8.866491641324551e-07,Digestive
0.0589295279580879,1.467604749064848,0.0010040059320541,0.0035556452716579,11.507104899833308,3.658394271067877e-07,Hobnob
0.0744231389993223,1.528204924783197,0.0009911312349092,0.0040418737598845,24.000888657529288,4.23402583980441e-07,Hobnob
0.0735601977626289,1.4213646948864844,0.0010059327938111,0.0047474868764269,12.81858440087982,3.232145562347876e-07,Rich Tea
0.0704489904738155,1.5131421052544445,0.0010135876997507,0.0044728559606583,18.85708601480329,5.329316471609569e-07,Hobnob
0.064667729874015,1.513654236920042,0.0010054392839447,0.0067777829371095,27.95609582853897,8.707153762679725e-07,Digestive
0.075079100052036,1.5202825113785368,0.0010031085161561,0.0034811071234803,19.24735539279845,3.290676657869861e-07,Rich Tea
0.0765446425804288,1.4253923146871883,0.0009997857039575,0.0058555749208668,16.00724118334132,3.6887762906409417e-07,Rich Tea
0.0952904091082885,1.5233782230408583,0.0010007437381092,0.0055283925240301,18.64729473334774,7.511462882284158e-07,Digestive
0.0893978321448718,1.52385988052722,0.0010191864232882,0.0027135344950732,10.134870022984712,3.570269935182238e-07,Rich Tea
0.0766416573723165,1.204885654433271,0.0010054073888686,0.0125506404284614,15.08668939788556,7.602498181002202e-07,Digestive
0.0780353732127417,1.5102952568102466,0.0010130344189966,0.0045729327917846,11.980188644648251,7.698580594303742e-07,Digestive
0.0640415952425832,1.1425668650556566,0.0010084700060473,0.0102273600646844,25.50835526506553,3.0908632404062765e-07,Rich Tea
0.0832486063763981,1.540809225542245,0.001002645302648,0.0034889354954977,25.99857510840573,3.685956570587328e-07,Rich Tea
0.0715695556376043,1.4904676604233391,0.0010032406465143,0.0071684026038569,21.655043837054517,8.302887665321071e-07,Digestive
0.0572194458044414,1.301589706852863,0.0010073986743236,0.0080938198693028,10.013910266897115,8.854791601156802e-07,Digestive
0.0861826866099099,1.4517684377868574,0.0010034477118105,0.0045027895736844,13.08637195370263,3.024703395198516e-07,Rich Tea
0.0683144560270848,1.4940201941260516,0.0009982120881642,0.0059357516611723,27.610939517139204,4.700559410153252e-07,Hobnob
0.0639962173189194,1.5356166737974049,0.0009920483450508,0.0034397306852944,12.394019212965608,8.642544458857651e-07,Digestive
0.0650855222643566,1.384716873355131,0.0010000602288022,0.0071925807704613,28.139394496045632,3.0282168337468537e-07,Rich Tea
0.0786106570107552,1.4045316473844467,0.0010048410912561,0.006765392691258,15.92152008199636,4.457184735633984e-07,Hobnob
0.0680350799449837,1.4319760078775194,0.0009997270843719,0.0039635680408378,11.432519590519773,2.955675666473473e-07,Rich Tea
0.0831068200624819,1.2540926623826951,0.0010097457112992,0.011717639755807,12.969872746946738,8.089022781875185e-07,Digestive
0.0767675107041657,1.4882636366235094,0.0009996098502493,0.0078880747420731,26.74507117110088,7.471626295752288e-07,Digestive
0.0806228237453734,1.5532091952244986,0.0010029497487511,0.0033660477619509,27.359407251291085,5.612581380459108e-07,Hobnob
0.0780013186221977,1.3904432880843942,0.0010093548160439,0.0117900814517195,27.37045825654611,7.279229921510096e-07,Digestive
0.0684311050707268,1.4430300485269072,0.0010019402362455,0.0096696386349444,27.398255116462398,7.790934811044648e-07,Digestive
0.0865552857693829,1.1978081367837867,0.0009945115486603,0.0083856040962838,13.516088111707758,3.249698073836138e-07,Rich Tea
0.0601051280289708,1.2581493225347802,0.0010026766952891,0.0088518262058937,14.817710791290295,5.75804680959171e-07,Hobnob
0.0714901502705031,1.3018259937412513,0.0009954489413864,0.0069397508372818,22.651606327383952,2.2057946486966455e-07,Rich Tea
0.0687359434505664,1.5248999677530002,0.0010042324418944,0.0033782004253823,15.5067949098727,4.6269861817284125e-07,Hobnob
0.0671211985519559,1.5306685098009143,0.0009896968375103,0.0052881207659539,27.396695014275533,7.702820291729785e-07,Digestive
0.0714924821746248,1.4847641245147578,0.000988992644345,0.0038438148573398,10.520451161723084,4.426962967391943e-07,Hobnob
0.0701238940833517,1.5470039975265657,0.0009997564678781,0.0045575111718443,29.918149085685616,8.119493164688613e-07,Digestive
0.0757108142141651,1.4087791661262343,0.0010055672924231,0.0105290888067741,21.49952237372373,8.621757599330621e-07,Digestive
0.0839664696082981,1.3884202468902167,0.0010123499573558,0.0061569548655183,19.11840257832688,2.6342764214172295e-07,Rich Tea
0.0785579516534402,1.5245575736626096,0.0009902526702726,0.0042185580266605,20.665935054030328,4.718102686230014e-07,Hobnob
0.0799005716467636,1.5528329467753912,0.0009950022439853,0.0017903729003302,13.332516023748418,3.3991568489969585e-07,Rich Tea
0.0796006309334015,1.4430700833743608,0.0010084728970286,0.0064930758099787,16.220175110366725,5.139871263697958e-07,Hobnob
0.0640930200143271,1.371805438335053,0.0010015844469189,0.0107069056826165,23.35429448939929,7.973967430314282e-07,Digestive
0.0961464220631971,1.204989766768185,0.0009927563340986,0.0190089874303445,27.89722034584836,7.42923923848365e-07,Digestive
0.0781982019431331,1.47759433775784,0.0009996457782718,0.0089555120055829,27.90383716636821,7.659734852625499e-07,Digestive
0.0514350669297533,1.4788236347566346,0.0010103158741723,0.0067344497916186,24.55985377012632,8.009527155607407e-07,Digestive
0.0689646532601343,1.2933521555023777,0.0009920119338727,0.0119530158960155,17.878958789812053,8.419135387139631e-07,Digestive
0.0714016877137349,1.5172883292938215,0.0009969213239956,0.0045059772712851,25.61693034434101,4.147494845958957e-07,Hobnob
0.0829553175819541,1.4917193256374812,0.0009827500860364,0.0041887978496684,19.90664565865686,2.605226696173931e-07,Rich Tea
0.0549751701667288,1.563318819381312,0.0010104906829446,0.0014327527071726,24.834171820128876,4.100691624192738e-07,Rich Tea
0.0798979153552687,1.345380478771078,0.0009953288716762,0.0136987344279731,28.642113505697,7.24362188093783e-07,Digestive
0.0693231367137673,1.2532544139749426,0.0010036075012861,0.0084557107549569,23.98954286520894,2.81039679041454e-07,Rich Tea
0.0738880405797392,1.5031106428909589,0.0009987241802924,0.0029621311938163,11.00646463345132,3.2574468718722585e-07,Rich Tea
0.0908904950737258,1.5139288192530995,0.001008682144567,0.0050496684879533,22.61362733517025,4.442301625664869e-07,Hobnob
0.0660318686351813,1.4739487596687444,0.0009936222907202,0.0035035147665832,16.058936922897132,2.3173166896264695e-07,Rich Tea
0.0612467817835908,1.4558355381263317,0.0010027411010793,0.0083978113467465,25.688513793341343,7.680616661648442e-07,Digestive
0.0684520915663478,1.504882338217537,0.0010118168633293,0.0062861014689429,23.79556385410037,7.60620918658658e-07,Digestive
0.0767985747066396,1.5225636870769712,0.000993893658202,0.0032205238737603,19.11346126346687,2.899705574871697e-07,Rich Tea
0.0736384501193306,1.280949393902178,0.0009908113059636,0.013293144255461,18.660691527589623,8.861511203827052e-07,Digestive
0.0715087900302779,1.5124766812808734,0.001009187485922,0.004570800762021,11.976342327637068,8.3340131159165e-07,Digestive
0.0862530000590507,1.5148655407893952,0.0009900595605482,0.0037250560628962,27.033012857505724,2.1333354254714305e-07,Rich Tea
0.0715060528751313,1.565474237114806,0.0009915929993181,0.0013863112799621,12.371671881886346,7.949636843261344e-07,Hobnob
0.0608540432870767,1.5135235608571544,0.0010092556157589,0.0051586772966176,21.241470839963945,7.354333892766545e-07,Digestive
0.0678699787357376,1.372384276808864,0.0010135937131943,0.0087052511085251,20.288425488583,5.486762851964883e-07,Hobnob
0.0746440845962404,1.4238066733976482,0.0009983040973058,0.0061904644131197,12.555812062856866,5.463475758216426e-07,Hobnob
0.0505283837519032,1.5680785643111204,0.0009990331854868,0.0010538427971579,26.699427832988857,6.124517960137733e-07,Rich Tea
0.0772565026461877,1.538899298487643,0.0009858539436346,0.0050561636096581,26.674132145027222,7.452567272380535e-07,Digestive
0.0773466335020568,1.5504731549671231,0.0010092031842578,0.002442671303183,20.220177009953588,3.783073840422546e-07,Rich Tea
0.0762211243614225,1.488026078688404,0.0009986965964258,0.0052830337073205,23.246527866057427,3.70373942995277e-07,Rich Tea
0.0709809919181942,1.4716032061648932,0.0010002001331044,0.0085887720284438,28.04115089610322,7.614779675834529e-07,Digestive
0.0717369007636357,1.557585522363364,0.0010038854586703,0.002919025762484,29.26307593166866,5.894819299286022e-07,Hobnob
0.0869341868356883,1.5119940345180998,0.0010173850265044,0.0038966799129893,16.96610055481503,3.5415091017865306e-07,Rich Tea
0.0764182674680541,1.5371415170806664,0.0009988555428614,0.0024541180335196,13.783142572860196,3.377957133983181e-07,Rich Tea
0.0698485012322196,1.407813818896584,0.001006291401862,0.0095725660366128,26.77745701096569,5.97630015360114e-07,Hobnob
0.0682472165371559,1.5166480698436426,0.0010091320491793,0.0036736318165545,23.549804860072044,3.146384286830204e-07,Rich Tea
0.0742428933344198,1.479111077973855,0.0009854586836531,0.0048355958438506,15.339104872961824,4.534211337458109e-07,Hobnob
0.0697149929848777,1.3365663526616522,0.0010166286895629,0.0098371239349138,21.10853732374665,5.763207120895434e-07,Hobnob
0.0660405027167218,1.3856473884928735,0.0010100864423541,0.0092084719809015,20.51741096363051,7.040752741949083e-07,Digestive
0.0629579137828266,1.0727121212741486,0.0010034916876991,0.0143168330560253,21.2166369904032,6.642660025974845e-07,Hobnob
0.0809461966098991,1.47675793946145,0.0010117571591316,0.0058943259660231,11.85258933147959,7.797960613605848e-07,Digestive
0.0820625357359932,1.3976269792726657,0.0009870862585982,0.008645970802585,18.648071436509937,5.518377305382778e-07,Hobnob
0.0772220381045235,1.4960654349329836,0.0009893216956348,0.0023853678117922,10.022967075726736,1.9421582177243386e-07,Rich Tea
0.0560113436475261,1.4467292281095276,0.0010090425298354,0.0053159849624544,23.6091812174253,3.451761896741599e-07,Rich Tea
0.0622582362917069,1.3774870365153078,0.0009955666521898,0.0067622013657177,10.03154813517243,7.69313686272661e-07,Digestive
0.0786744408020339,1.3127391634155785,0.0010073989451465,0.0089686333970119,25.266760852479,3.279005758885931e-07,Rich Tea
0.0837564915840057,1.4609706542085443,0.0010099644712907,0.006469728196845,28.48284948278832,3.215840932840383e-07,Rich Tea
0.0569116417750827,1.4239275066809571,0.00100149083316,0.0086483112365532,20.4602200463343,8.786670019480591e-07,Digestive
0.0689907677511371,1.5514718447955649,0.0010034712537469,0.0012896678273378,11.025733894350475,2.3017580857840675e-07,Rich Tea
0.0659462565291519,1.447073155050414,0.0010045833094202,0.0079960206946412,19.328344140993167,8.205626135915556e-07,Digestive
0.0626899956565466,1.5303415850166595,0.0010098947903528,0.0024547899977222,13.655331278427624,3.60241589299291e-07,Rich Tea
0.0811822798068994,1.494608211673542,0.0009992065655995,0.0040052085426661,16.290267225053636,3.183787171635625e-07,Rich Tea
0.0849007419948221,1.3300408406234718,0.0010095481384883,0.0097245313188151,10.858914871019948,8.659593212700858e-07,Digestive
0.0756459731097257,1.4989256624353888,0.0009857928559238,0.0045649197023456,20.57831822979942,3.647056937887084e-07,Rich Tea
0.0958598477300574,1.491061125326796,0.0010009243384062,0.0045900378983654,18.013539526937905,3.078443855715927e-07,Rich Tea
0.0729765605363808,1.4636589673486906,0.000999274848362,0.0055639664206478,11.01186320842382,7.339676375331621e-07,Digestive
0.0832646081574259,1.5000135239904384,0.0010151936382114,0.0061876987659746,16.631354591954725,8.343526051606491e-07,Digestive
0.0727966639844577,1.472335335292813,0.0010038206352628,0.0033780084685896,11.259735981186338,2.7841000467618855e-07,Rich Tea
0.0656016375462076,1.4465192586430062,0.000995679754467,0.0100119315818293,27.818500060312644,8.821627631391402e-07,Digestive
0.06859505088827,1.5262543727424989,0.0009890726890844,0.0032413627772151,21.393591246000405,3.192128677430637e-07,Rich Tea
0.0605017957563593,1.4819816596619568,0.0010116148466678,0.0042049624384864,21.325743858421568,3.098629563708414e-07,Rich Tea
0.0662970237849655,1.5506952847744635,0.001003415332198,0.0033858634036453,21.2298301510444,8.264755515400926e-07,Digestive
0.0966252146283008,1.4189717732595877,0.0010094376483164,0.0106755791286498,25.88460448846865,6.02157970605616e-07,Hobnob
0.0807190686048046,1.4327432144761896,0.0010019976755033,0.0087786236982644,16.787329375720475,8.325848354223728e-07,Digestive
0.0729989315076524,1.4753447735566312,0.0009993370604449,0.0067136664956149,15.264561046575247,8.65442114379727e-07,Digestive
0.0682547219818971,1.4423462996204113,0.0009765511267852,0.0086411757432064,29.579704437497355,5.644367690380847e-07,Hobnob
0.0769236855763371,1.4963006624544135,0.0010022548060468,0.0047021295415231,16.82310340396717,4.624590342193041e-07,Hobnob
0.0680519186254813,1.4932148638458853,0.0010222141107896,0.005368376866249,25.79347910712845,4.313056346053836e-07,Hobnob
0.0873028293881061,1.3883397604445646,0.0009883883438226,0.0098722009988283,25.868232226257568,4.723671296548504e-07,Hobnob
0.0753867862302598,1.2727608819699037,0.0010024364928179,0.0114997574863416,14.00693042260064,8.636023068624021e-07,Digestive
0.0888811277909892,1.5455427370070527,0.0010161325813553,0.0043240777491824,26.40663787829379,6.395192205450638e-07,Hobnob
0.0795841086009574,1.5642983803692,0.0009964608520616,0.0014212608968883,15.970182939393151,4.870614904522985e-07,Rich Tea
0.0844168756934018,1.5352470359565369,0.0009935503370096,0.0029956858902882,10.50467381203118,5.692687514111417e-07,Hobnob
0.0805957119644368,1.44985906598118,0.0009719051839942,0.0087475779544907,27.9435088542107,5.339203199832543e-07,Hobnob
0.0709544051944219,1.447903103168256,0.0009957031397394,0.0055599407206942,17.524260571683094,4.176548648972565e-07,Rich Tea
0.0645297066461533,1.324886112280328,0.001003560551202,0.0064685096851518,10.13106299344427,5.430034326695e-07,Hobnob
0.0745645132820849,1.3350790768464582,0.0010003699790869,0.0059156446243384,10.80049879818776,3.731184514524907e-07,Rich Tea
0.057084405014524,1.5116927682845296,0.0010005480231787,0.0054752784979467,26.80442547834796,6.655027906102677e-07,Digestive
0.0720986921490726,1.539556958411724,0.0009983132406557,0.0031474428490024,24.93374460453465,3.471190702623349e-07,Rich Tea
0.0749619417818156,1.5686991352025337,0.0009928347137931,0.0005909720160891,17.927876089469464,2.487261719127694e-07,Rich Tea
0.0769491491647444,1.3298962514074495,0.0009873607273448,0.0072675168740609,17.05229681480599,3.4451272329841165e-07,Rich Tea
0.073339551228464,1.4697034027215654,0.0010004813753182,0.0091507136287277,27.240898360122404,8.104079428131356e-07,Digestive
0.0771214517438064,1.5234345835911547,0.0009789789137819,0.0067790024522873,28.96126027628172,8.629231372298e-07,Digestive
0.0727881610235783,1.5404552350949974,0.0010147116409611,0.0032197241474328,24.541244486603983,3.867609720335327e-07,Rich Tea
0.0481615307733216,1.5638182510775196,0.0010095639616151,0.0012165316171693,20.316756224458096,4.3870455977325643e-07,Rich Tea
0.0759277786781336,1.427457472304246,0.0009996618126012,0.004888768292905,13.512576730751476,3.275046807994811e-07,Rich Tea
0.0695987263273025,1.376336180496449,0.0010019050966391,0.0045607586812141,12.396227157514064,2.605360100950673e-07,Rich Tea
0.061291339804826,1.3551791408606089,0.0010045551712847,0.0079145952979083,12.322857095242211,7.745458700226743e-07,Digestive
0.0616230843374214,1.289330876063547,0.0009829792470685,0.0092372400347255,11.383500379026929,8.511268044957942e-07,Digestive
0.0621521999524941,1.5660471251817345,0.0010001562617979,0.0012251414126961,28.528374093734165,3.703899663401895e-07,Rich Tea
0.0749263923846592,1.1612592579636871,0.0010217827422234,0.0092260016200662,12.504755619292352,4.680932056511529e-07,Hobnob
0.0792431374894467,1.4275008707186791,0.0009799558288469,0.0113167355919445,24.33788474893296,8.958576088777667e-07,Digestive
0.0774013256675682,1.4992994952284582,0.0009929802165347,0.0035155989805191,12.019737031486486,3.704851144832144e-07,Rich Tea
0.0568450070911799,1.4104809393952404,0.0010034096579806,0.0072114298721604,14.29155879673879,7.882752213898304e-07,Digestive
0.0992480604399737,1.4418378731178452,0.001002151707389,0.0051814534696653,19.88968792317076,2.115505192102855e-07,Rich Tea
0.0656262580351947,1.474339286815538,0.0009923369894397,0.0051105284469224,28.839195286931385,2.810993641648292e-07,Rich Tea
0.0612909147141438,1.5390130093497585,0.000997006562538,0.0040283027467424,20.34795457660393,8.101899826920929e-07,Digestive
0.0708150087597183,1.4701421021979186,0.0010105350161768,0.0036128327913926,15.860473479475065,2.3247099592456007e-07,Rich Tea
0.0730672176228701,1.4993935306413393,0.0009949774778063,0.0074807787506101,24.39111933287344,8.682088709483782e-07,Digestive
0.0705305760216228,1.489763952297078,0.00099596020884,0.0043896238318648,21.242947905620326,3.154193375105137e-07,Rich Tea
0.0592828266803087,1.375410178700731,0.0009797383495926,0.0090920718341513,16.002636342918503,8.706372775578509e-07,Digestive
0.0548213786208066,1.469213669588307,0.0010138242152514,0.0067156680966248,20.48076055723604,8.06503928744846e-07,Digestive
0.0712704900546312,1.3877453934996982,0.0010187932195333,0.0071508865190632,15.883203414899384,5.043490190765164e-07,Hobnob
0.0897771300127353,1.4239739068565422,0.0010059114614163,0.00566883509945,16.018995404700682,3.019453836354351e-07,Rich Tea
0.0757699806420838,1.4679445928227712,0.0010001248184019,0.0093094259854535,24.95168694035684,8.846171241275776e-07,Digestive
0.0735008043452616,1.3437370500683967,0.0010117933084472,0.0064243070500212,16.757458986530686,3.006319705868476e-07,Rich Tea
0.0821238844845718,1.4618643421434827,0.001002663835352,0.01070002936533,29.508975980969357,8.680737427483326e-07,Digestive
0.0798193505164014,1.3227309347759018,0.0010117828079079,0.014528974413868,27.185194940900065,7.909316128552531e-07,Digestive
0.0701860237131862,1.465452446935387,0.0010134644637561,0.0055832465954539,14.092273177222744,6.103278944678709e-07,Hobnob
0.0685902271510434,1.2260245165958454,0.0009904360382887,0.0089604178252293,19.557304066059988,3.5914307470727495e-07,Rich Tea
0.0770925593340422,1.4158573841655302,0.0009905184550797,0.0053873200773449,16.32956818982111,2.947342144408383e-07,Rich Tea
0.0694534639668931,1.5110510266005923,0.0010129465078047,0.0036121903018455,22.94944957751508,2.862510590961484e-07,Rich Tea
0.0655646669084998,1.4514205610562492,0.0010108252242179,0.0043440905335114,14.700015787476362,3.395675064001492e-07,Rich Tea
0.0723401278935473,1.5011182895150412,0.0009816121375633,0.0051597063750072,17.297049857192192,6.153024643882224e-07,Hobnob
0.0675820431021976,1.3933387309325231,0.0009977118354017,0.0076804192182873,19.17542886845548,5.013818145702103e-07,Hobnob
0.0674001078826836,1.523974460261055,0.0009956646143515,0.0033653231660648,20.358477768266354,3.5088692447635936e-07,Rich Tea
0.0713860299895648,1.2122130913532776,0.0010035135829406,0.0139881560967473,22.772293336907936,7.004028584892714e-07,Digestive
0.0794723421123737,1.5062995591364643,0.0010122333114056,0.0046222708612359,29.00715612098566,2.931356240522924e-07,Rich Tea
0.0853208688394855,1.474187536135521,0.0009873039273901,0.0054698452105387,25.72687754932125,2.811799967265042e-07,Rich Tea
0.0623077923882534,1.4705468477834838,0.0010062278979845,0.006429686388754,15.98147745248184,8.510670358363816e-07,Digestive
0.0708223672904001,1.4158501395359986,0.0009826025303057,0.00876441662647,19.144114711964853,7.250251691819262e-07,Digestive
0.0736779490736467,1.547686955366126,0.0009839907026259,0.0039576210658716,26.144871017426123,7.086118563178017e-07,Hobnob
0.0667303658381893,1.4560508494337012,0.0010159911769542,0.0043420917010792,20.77453004661723,2.3592353558658373e-07,Rich Tea
0.0738575853202188,1.4537414146815986,0.0009903966591737,0.0062186115813355,17.968213374939882,4.896919843259701e-07,Hobnob
0.0726141150649544,1.453353952616583,0.0010074912536706,0.0063155717254839,18.7311976826068,5.028411306799997e-07,Hobnob
0.0583141035569707,1.3315922635706043,0.0010072921839983,0.0110943841836905,29.145785403504824,6.029231624768917e-07,Hobnob
0.0554138453270787,1.5423757389188042,0.0009995500879719,0.0026414294648737,17.49004763315172,5.110259462627536e-07,Hobnob
0.0603020316844424,1.482404762686308,0.0009987635621878,0.0050945945486159,13.035439134800374,7.670066565719946e-07,Digestive
0.0759803233435777,1.3086741191531694,0.0009989490639172,0.0056653707403899,10.877221031566735,2.989260860755975e-07,Rich Tea
0.078717703491394,1.2787041032361732,0.0010051194074223,0.013482906055525,23.19434539468758,7.151273415743847e-07,Digestive
0.0603011760699402,1.4669605200374716,0.0010040022388933,0.004119283257665,17.604522813478855,3.187499644486494e-07,Rich Tea
0.0634140211287427,1.5321247953427335,0.0010120066701453,0.0037212923113572,29.45298661449172,3.93253010821083e-07,Hobnob
0.0864049412415342,1.5286440372757406,0.0010034989101148,0.0050340699346713,27.4805519027826,5.192048707748783e-07,Hobnob
0.0914567561633554,1.4699069111312175,0.0010033379458646,0.0077954622558166,22.724700787531752,5.827038476045765e-07,Hobnob
0.0760223148287163,1.506848255843843,0.0009988433618372,0.0042319367039144,12.984330523331806,5.713150877640167e-07,Hobnob
0.0811747406073107,1.4099071446764146,0.0010065398834333,0.0067525604336502,22.45736176696874,3.164249780777244e-07,Rich Tea
0.0848696030296443,1.5392674941639632,0.0010048727032958,0.0023955538586285,12.121638820473269,3.635748223667312e-07,Rich Tea
0.0858871208763426,1.4260966503167043,0.0010115929286346,0.006132606142653,11.773272602946657,5.276638275582529e-07,Hobnob
0.0589364589134883,1.5145249369228675,0.0009931713176095,0.0031661735211189,18.81542606814879,3.125432000239024e-07,Rich Tea
0.093182610075806,1.3798892592149146,0.0010004832720194,0.0120868339702264,28.47138161146653,5.868376026407637e-07,Hobnob
0.0829938740449026,1.5293168008929896,0.0010057693245891,0.0030827511643223,16.364661163022316,3.549545699487996e-07,Rich Tea
0.0711883887660526,1.5000743685633893,0.000988813196864,0.0076882823968876,27.840356395877343,8.326721381127279e-07,Digestive
0.0678383577236237,1.4742198380864182,0.0009863907967039,0.0084177453165336,29.365326835553244,7.334681787017668e-07,Digestive
0.0712149528923589,1.5517483348269212,0.0009819556828181,0.0036696229903516,27.9420790503695,7.111069790795011e-07,Hobnob
0.0888563648078857,1.3704610625793856,0.0009983024669374,0.0086482596024469,17.43740164890017,4.915536536825918e-07,Hobnob
0.0785683745851339,1.2955524264787583,0.0009843397624141,0.0119678115230853,17.658498102824442,7.438521656012102e-07,Digestive
0.0724160530249505,1.5481661470676589,0.001007989634264,0.0025317057558931,11.147253701837636,7.172113750703213e-07,Digestive
0.0931244487702142,1.185197030051925,0.0009839529899783,0.0099737404155607,11.737208361238686,4.7371127083907033e-07,Hobnob
0.0478383156850001,1.333059344027827,0.001005033779427,0.0056873237188838,22.9819926700846,2.5007608954180984e-07,Rich Tea
0.0666213774565313,1.5386055885764764,0.0009902206780494,0.0023939245573885,20.85718729520922,2.533495188874188e-07,Rich Tea
0.0653779248157334,1.5392344552094583,0.0009951691574515,0.0025577866034904,10.894026151328656,5.594376967708698e-07,Hobnob
0.0756925096153984,1.4934779873909707,0.0010066928738155,0.0051340273437171,29.808918199277453,3.0651123618843825e-07,Rich Tea
0.0748144190042192,1.552673511409107,0.0010050745548669,0.002492524205691,10.748473635955824,8.660468255102794e-07,Digestive
0.0744084755698275,1.4445892637427915,0.0009989338580497,0.0066528178208349,29.9242272723998,3.2025177729223697e-07,Rich Tea
0.0792268328436894,1.5015111499322216,0.0010006754494,0.0060747125459071,15.175841097953429,8.910319298693449e-07,Digestive
0.0543922684133271,1.5163492878643,0.0009909677676772,0.0038024144471448,22.483297087272057,4.251988713914829e-07,Hobnob
0.0694065548372475,1.551543362483788,0.0009941929643308,0.0021368530108562,26.83053283182534,2.541947984980825e-07,Rich Tea
0.0856157674409414,1.5574233569910836,0.0010018554484644,0.0023923288139974,18.43726619580241,5.584259907871477e-07,Hobnob
0.0812982252612676,1.3407844877483546,0.0009979626661787,0.0125398830015896,20.056772474051023,8.612017342595799e-07,Digestive
0.0639055643366458,1.524241420575575,0.0010014826241852,0.0044520193227937,15.49824693032784,8.768872374089572e-07,Digestive
0.0736195347401363,1.533950154530597,0.0010004861877111,0.0027353645881771,18.59720501964756,2.99681623218618e-07,Rich Tea
0.0865827502852371,1.3096987649725065,0.0009929676565498,0.0075017313777591,18.5959300860143,2.816593218914344e-07,Rich Tea
0.0734832807759758,1.1228076466901185,0.0010115623198828,0.0177099571932423,25.579296638825248,7.801620569103075e-07,Digestive
0.0714451800691306,1.3296434282480074,0.0009990868621236,0.0050425466924368,11.77123505422822,2.546870095500136e-07,Rich Tea
0.0909438376045742,1.4796036808337298,0.0009855523838584,0.0064132902691817,20.584490790852108,4.7574152779970395e-07,Hobnob
0.0668344820287476,1.345707572417861,0.0009891029607561,0.0098675877344375,16.265291133314097,8.11480821489939e-07,Digestive
0.0764136071269591,1.469493876922728,0.0009896163848521,0.009317688146104,28.324430559193782,7.854922340710027e-07,Digestive
0.0672604032299197,1.5573188610294972,0.0009798609180373,0.0020679888514922,17.294425933391366,5.377722060880646e-07,Hobnob
0.0558990471461866,1.4679400314788211,0.0010026762030618,0.0068790956211964,20.03745650937457,7.992896240532408e-07,Digestive
0.0847300958004897,1.4458921280507642,0.000984750450059,0.0091325085855971,20.59610868907554,7.533158224699862e-07,Digestive
0.0723921679489572,1.4841680468131684,0.0010040166098062,0.0048791449118796,15.87610972365382,4.904435805360157e-07,Hobnob
0.0745023616648598,1.4945178586498329,0.0010074109904534,0.0044834360633589,13.639051802081292,5.116848856317792e-07,Hobnob
0.0893548376519564,1.5090086211394096,0.0009881475850683,0.005016053830439,14.388063658327354,6.156810291186744e-07,Hobnob
0.0721055679091842,1.4991723701369897,0.000992548376449,0.0042380112112861,21.76462535267883,3.193829532425035e-07,Rich Tea
0.0573253139826001,1.5072019122734568,0.0009894067782711,0.0040397518905156,14.788160443059828,5.94547739982415e-07,Hobnob
0.0881355065784301,1.5411610671042542,0.0009945039881116,0.0058312001792595,29.70831836458901,8.637462360991322e-07,Digestive
0.0812639807034396,1.4269780023824965,0.0009919504225645,0.0096742999713553,17.324546708106702,8.918599471101926e-07,Digestive
0.0740054273794784,1.570268938974516,0.0010137201891358,0.0004972575080093,27.573526491910137,4.667185166647237e-07,Rich Tea
0.057028291319301,1.3653202642964355,0.0010043397175094,0.0089566659132888,27.97820018695943,5.097742570487823e-07,Hobnob
0.0744415302632701,1.376132449668574,0.0010228429043601,0.005741395281081,15.131247744085735,3.1140966498737985e-07,Rich Tea
0.0763869775643243,1.277653629285019,0.0009978592671815,0.0128378030760853,18.941831594286427,7.720929992681886e-07,Digestive
0.080828756114794,1.461056329690426,0.0009998386651574,0.0070296838285146,15.10593326243578,7.308079329062444e-07,Digestive
0.0633754808456482,1.529982389046569,0.0010096517164938,0.0026182911307739,18.203701193218265,2.894872720904129e-07,Rich Tea
0.1034391686215032,1.5041199393180529,0.0009922740703541,0.0057821337397763,25.80365091583891,3.716424918714147e-07,Hobnob
0.0786251236846815,1.3419205035825277,0.0009946702199836,0.0125056515712527,22.05199099925629,7.864440133172006e-07,Digestive
0.0766087316339149,1.2406296470030775,0.0010060696397563,0.0111735249745135,26.89857467121585,3.57155273039118e-07,Hobnob
0.0655488434816888,1.495800714564442,0.0009841756137871,0.0065786541653518,24.05093053774987,7.108846411448429e-07,Digestive
0.0610638936379635,1.567538014748385,0.0009751943829616,0.001324179310067,20.412868267371003,8.377600550655276e-07,Rich Tea
0.0764093751203251,1.2953958239202372,0.001003379115617,0.0091516195865786,18.531263334653115,4.326690058505426e-07,Hobnob
0.0579467434130231,1.5191817562302143,0.0010231664067313,0.003379141509682,15.155313182690804,5.176479465568132e-07,Hobnob
0.0622755073740393,1.5205335968713052,0.0010052665124343,0.004030109621202,28.4234069608383,3.63943376341258e-07,Rich Tea
0.067888492169655,1.4659872683075614,0.0010076604078546,0.0041336822920361,20.17274489444863,2.387548006385764e-07,Rich Tea
0.0653059851797105,1.4172861241357255,0.0009926106066664,0.0075197627785851,13.532995532470371,8.0588633777225e-07,Digestive
0.0460982392802141,1.562215326412121,0.0009865562958486,0.0012764021929615,25.02256956265027,3.284792471424996e-07,Rich Tea
0.0717572910649038,1.4404974733470908,0.0009952593211122,0.0069280563150384,14.42648698796843,7.187393126401978e-07,Digestive
0.0798886665109696,1.3659295628399897,0.0010038253133992,0.0097564804326744,20.941205831353617,5.488366517472678e-07,Hobnob
0.0706295309755781,1.4922229199914463,0.0010050155306766,0.0051177920230328,17.584039728064184,5.240141305627966e-07,Hobnob
0.0836751243017141,1.2925759769672995,0.001006717077301,0.015059561530046,22.08637191456544,8.91364283204032e-07,Digestive
0.0702942859267676,1.448959251845478,0.0010071788906162,0.0096917861020836,25.733894030481665,8.51097547584881e-07,Digestive
0.0851589695378414,1.5184030276250085,0.0009962264944986,0.0029013945911777,12.235878494905617,3.072639081754853e-07,Rich Tea
0.0731303951384917,1.5541259835249417,0.0009952841476726,0.0022338652726104,27.63278365228808,2.9734475448185e-07,Rich Tea
0.0687073443217267,1.545072420652985,0.0010032204008151,0.0024059164525638,15.449821556614324,4.2318043837133714e-07,Rich Tea
0.0827351645682834,1.4939388512642384,0.0009988491229674,0.0066744334594346,21.22709342394947,6.382135609481134e-07,Hobnob
0.0760609144731095,1.4541680811175115,0.0010112775827063,0.0074435794335479,22.76572763781496,5.533702195457898e-07,Hobnob
0.0733882786702415,1.149027809635588,0.0010080314008921,0.0138561043529074,23.64418783053529,5.333272030642275e-07,Hobnob
0.079760632420777,1.4415909886189495,0.0010133535085128,0.007712316686425,13.33086218409723,8.918916010935787e-07,Digestive
0.0555246250672024,1.3586091394386162,0.0010030870865245,0.0071174116859909,10.700446553092853,8.141808533924276e-07,Digestive
0.079043139695895,1.521497510670764,0.0010026302043136,0.0066006990712563,27.4078179630626,8.228680126006949e-07,Digestive
0.0638879941089574,1.430155730039934,0.0010309118872125,0.0041872949991146,26.12989858059231,1.5629587175365068e-07,Rich Tea
0.0667073821841995,1.509552981231928,0.0010088687238167,0.0072355401122371,29.559707135462407,8.776733755366938e-07,Digestive
0.0736813108387957,1.523784561047411,0.0010034246911258,0.0053623606544667,21.01578575218788,8.04060349447925e-07,Digestive
0.0785066980363655,1.3443275001313666,0.0009922423852717,0.0099429946497926,23.192717622716664,4.711030722341802e-07,Hobnob
0.0693426885593004,1.186864833776845,0.0009802208208946,0.0111734614605478,16.71616657909132,5.597601929550198e-07,Hobnob
0.0832198774764089,1.5628624059676084,0.0009987827579781,0.0014381151384808,19.80391494925346,3.09334627465361e-07,Rich Tea
0.0434284029462341,1.5498660342295634,0.0010026560138343,0.0018744585336829,22.91878172144373,3.449372047151592e-07,Rich Tea
0.0674598198020805,1.3310885479225787,0.0009938983770252,0.0096926563623298,22.048541534420128,5.314550088655313e-07,Hobnob
0.0729595793296588,1.3784464960063396,0.0010027453818162,0.0095890484969004,25.05525428159718,5.229462701770824e-07,Hobnob
0.0791660079168258,1.529270790130531,0.0010027199469478,0.0027940100083312,13.57671713583115,3.435741133524392e-07,Rich Tea
0.0751229277063026,1.5662342298245913,0.0010026632139063,0.00081080289063,12.236443293805651,3.092373959338699e-07,Rich Tea
0.0825608588592228,1.562717784918199,0.0010013912640492,0.0016918716082896,15.553509111084267,5.56587526763043e-07,Rich Tea
0.0730261771489436,1.4986062778651408,0.0009749987195221,0.0042099679235543,17.73356408381506,3.568106801990565e-07,Hobnob
0.0831006036293563,1.3087677297530682,0.0010032014934308,0.0116816700830272,14.646128334267807,8.872445302211088e-07,Digestive
0.0770707668753328,1.4779805038462293,0.0010030334405911,0.0040719001028977,15.233315919805438,3.097084106736731e-07,Rich Tea
0.0669726172402696,1.5500291343431944,0.0009943746622786,0.0039616804833082,26.382009134278444,8.5615051704394e-07,Digestive
0.0743426946184162,1.475590372490223,0.0010006765567888,0.0054981845626655,12.378139667966806,6.877545671810633e-07,Digestive
0.076524658770873,1.43916152198929,0.0009873318361083,0.0068128173039703,27.229554127334037,3.274763434586989e-07,Rich Tea
0.0888060677772308,1.3440756139863028,0.0010053977107116,0.0114713731100288,28.29716997731182,4.724196078080292e-07,Hobnob
0.0765134032096259,1.4966964272358043,0.0009942336365943,0.0050237133130788,17.290807530432353,5.21693252237404e-07,Hobnob
0.075264246708315,1.4877064694430189,0.0010025702956993,0.0047255479444726,21.98408513521161,3.198696672621654e-07,Rich Tea
0.0676996294341641,1.397955314688525,0.0010144813731928,0.0100852544462983,24.852321564019118,7.286919285253125e-07,Digestive
0.083751789604777,1.389672352251477,0.001001304845171,0.0062750559414492,10.867446826302809,4.683317929014098e-07,Hobnob
0.0675215515076447,1.3081982538269723,0.0009942010812176,0.007987949607009,18.9799568260715,3.77181306544606e-07,Rich Tea
0.0790643582859755,1.453548595951271,0.0009995008810075,0.0088568114228705,28.19872663286572,5.97757132143619e-07,Hobnob
0.0654474156976831,1.445096684636153,0.0009904054220409,0.0074118286087356,27.31612691146172,4.759836346044865e-07,Hobnob
0.0850472032089696,1.5466574953699552,0.0010131316331523,0.0027989454013869,29.619812351662173,2.599973948579532e-07,Rich Tea
0.0624940749163421,1.522338095341072,0.0009947978779669,0.0040213722026753,22.50593138262367,4.842692614827049e-07,Hobnob
0.0710644734398665,1.441898243415846,0.0010023902899674,0.0066573557312332,24.80067941753564,3.8457793442000805e-07,Rich Tea
0.0716582850633113,1.303051279056117,0.0010031449664386,0.0084969432943414,24.070251430461017,3.194080634074989e-07,Rich Tea
0.056652725508419,1.4771009301758071,0.0009993235242968,0.0041749352367531,26.477230140746677,2.5408094328234106e-07,Rich Tea
0.079611018233207,1.495115940098341,0.0010041115890851,0.0052238845261187,12.808546217345624,7.068473222344249e-07,Digestive
0.0746681643407193,1.4941261207730434,0.0009837677868177,0.006257044003382,16.944240480789862,7.835322622069491e-07,Digestive
0.0650705781812108,1.4950185105071696,0.0010092678345348,0.0055033351163842,29.424699559852623,4.196245577698226e-07,Hobnob
0.0715083876496345,1.368836882301179,0.0009938369754042,0.0078984961588983,28.489136551656998,2.992907925174144e-07,Rich Tea
0.0774152441413352,1.5537977985581382,0.0010004713025885,0.0018561809884106,10.80638322972231,4.623719994288994e-07,Hobnob
0.0632350342319321,1.5214045962194538,0.0009964068592412,0.0053934617594645,23.914965254037185,7.533791594376775e-07,Digestive
0.0672714987697909,1.4175376242330595,0.0010087990739239,0.0059218030854726,22.730865894569284,3.039817912962896e-07,Rich Tea
0.074086979165499,1.405989808383758,0.0009984749172757,0.0093189855563957,18.137773666049828,7.738698527746991e-07,Digestive
0.0684094815424587,1.4018128244757395,0.0010202294739281,0.0049819225785676,13.61508359401804,3.062719362083798e-07,Rich Tea
0.0774624634685762,1.4454231180785682,0.00100592149768,0.0059194778002253,18.05243854903834,4.0475500750394085e-07,Rich Tea
0.064916261899687,1.4038864429307127,0.0010162177259228,0.0055391860884453,13.617983356351443,4.126793765371397e-07,Hobnob
0.0651784079877675,1.5591846422918474,0.0009845978807521,0.0015635482238622,19.11784248573253,3.374980717021916e-07,Rich Tea
0.088003249059573,1.5287368441338551,0.0010037466559792,0.0034613965366302,13.195539626279649,4.816011908803552e-07,Hobnob
0.0553531451423217,1.4045356216149698,0.0010168654420486,0.0050712911720761,10.26999577757404,5.507216691015408e-07,Hobnob
0.0599458609391584,1.565055621785778,0.0009977275634588,0.0018640367405059,24.759408418610214,8.338150138314422e-07,Rich Tea
0.0758801026611929,1.4653212053427958,0.0009748086536455,0.0086626723131657,25.928766961202303,7.026808322259036e-07,Digestive
0.0648525529115829,1.4288769179048464,0.000992426336606,0.0039810367633006,10.58206028562389,3.185205111459451e-07,Rich Tea
0.0649014023801541,1.4841893510750717,0.0009965252911352,0.0054271156668377,12.296652952847412,8.508167847492673e-07,Digestive
0.070877078165555,1.5152873984677435,0.0009917651757841,0.0055070784494095,17.637327384983635,8.946886123505422e-07,Digestive
0.0854394109162444,1.4494101600078766,0.0010007639054083,0.0061775560426831,16.046562781657272,4.542315281207231e-07,Hobnob
0.092119154624879,1.4788218763760697,0.001001450413178,0.0070886423033218,23.30128934851489,5.023834899775689e-07,Hobnob
0.0862465093785447,1.517950909577769,0.0009995942163244,0.0034840847358683,13.010055928676728,4.1222522666886923e-07,Hobnob
0.0768432123701702,1.4856675533138275,0.0009962262559855,0.0074701299925857,29.408068307963877,5.680174923490173e-07,Hobnob
0.0644639745699943,1.3907882712275303,0.0010124749504526,0.0065236541343333,20.01534389558001,3.759239596713778e-07,Rich Tea
0.083246726572733,1.4186227656442851,0.0009862079238829,0.004578171238295,10.831609135682625,3.141562690439023e-07,Rich Tea
0.0596877684937513,1.4474062861319428,0.0009935879389616,0.0057879127278331,28.93459178121962,3.193074632610561e-07,Rich Tea
0.0564895252740762,1.4449075721913285,0.0009904363877028,0.0033921798214358,10.201923392062785,3.195505988613792e-07,Rich Tea
0.0724728646128666,1.50688170164044,0.0009957262826353,0.0051770270911238,15.258177503515276,7.588754984129122e-07,Digestive
0.0636312390716098,1.482016755212299,0.0009949174207937,0.0074844007651022,26.20344938864525,7.458672092015816e-07,Digestive
0.0709427468196048,1.4147212920154095,0.0009928333896698,0.0070341287242877,11.121606477487248,7.930241372930378e-07,Digestive
0.064003326686288,1.4366109098257758,0.0010071586367142,0.006986543828059,16.397792437180946,7.074455887095814e-07,Digestive
0.0683816463948098,1.540266227291038,0.000995284749206,0.0024635499630292,10.1720414273293,5.902593714113977e-07,Hobnob
0.078049724326924,1.5445197713835992,0.0009955982852083,0.0027542158119815,24.31452253480288,3.011042429093856e-07,Rich Tea
0.0739964977762653,1.5567480211076077,0.0009994125989897,0.00205667195491,26.308408659308423,3.142486930695311e-07,Rich Tea
0.0840885172719586,1.5522699782250544,0.0010111912493329,0.0031091669799418,28.541937220840328,4.3821942462828726e-07,Rich Tea
0.0774291311725891,1.399627072768751,0.0010131989067176,0.0078799908000257,20.60921800081705,4.5447821028300366e-07,Hobnob
0.0740505925260333,1.4723524214968269,0.0009997761989573,0.0054595277453539,28.78503030612522,2.911893457466177e-07,Rich Tea
0.072107897886444,1.4191277928938644,0.0010006240048379,0.0091688903161686,18.34964387141806,8.267458980470261e-07,Digestive
0.0727795237916805,1.4575284703355065,0.0010011638683348,0.0039071353166131,17.11101675437128,2.168902101864219e-07,Rich Tea
0.0915583992165124,1.3401939479798002,0.0009970418832767,0.0151982035011639,29.934806859232047,7.353411767290557e-07,Digestive
0.0732286747234697,1.5648620863740028,0.0009896671393181,0.0010778264130883,29.178367158328463,1.816134647811534e-07,Rich Tea
0.0681422837270835,1.481912986097674,0.0010052373284961,0.004610976532327,18.737827449439276,3.742770594980285e-07,Rich Tea
0.0825898125245373,1.4884199252692651,0.001003360002462,0.0076354836909833,20.937589009454825,8.486893035875347e-07,Digestive
0.077074426831241,1.2324136644384531,0.0009953867759167,0.0070548736786209,15.927519926957634,2.462067468443596e-07,Rich Tea
0.0636635442436486,1.2990170450619751,0.0010038533837186,0.006176574710324,18.53953093619581,2.338002430132272e-07,Rich Tea
0.0733931461899338,1.548587501476976,0.0009934008410682,0.0038196409749924,28.4629393272852,6.126235616679912e-07,Hobnob
0.0704348057616126,1.4981380661875918,0.0009914737641311,0.0033295187336168,17.03444864109273,2.5477257037439375e-07,Rich Tea
0.072854912627035,1.4325879464471232,0.0010103827475599,0.0059698328613611,12.663730430925762,5.506639598610255e-07,Hobnob
0.0493432635631128,1.4181643744419246,0.000992441848877,0.0090630724338769,27.54460506955977,7.995270099727427e-07,Digestive
0.0501884391287974,1.531614556941877,0.0010075729601216,0.0046621278844102,28.3718161433555,8.02542384457958e-07,Digestive
0.0782315605420027,1.4679833100515811,0.0010093913397294,0.0078489307070665,18.11067127759638,8.282605326028518e-07,Digestive
0.0864365346048155,1.4037415914371805,0.0010038723678798,0.0078380087090204,26.353547724996208,3.317780792115206e-07,Rich Tea
0.0745233799281822,1.5155403896261816,0.0009904453757305,0.0054177963359708,20.01896553386618,7.181158071289986e-07,Digestive
0.0532836154907275,1.49707575689525,0.0009966060926055,0.0048083740155008,14.840595319236291,7.983229932524689e-07,Digestive
0.06640251378874,1.410668213838539,0.0009906146681958,0.0079399548918446,17.171350638754525,7.074798354550768e-07,Digestive
0.0582439108588672,1.2563181833433743,0.0009904086400186,0.007963556524215,26.109718638751243,2.688698360172776e-07,Rich Tea
0.0612998467847446,1.482239746918322,0.0010165009699691,0.0042215457346696,14.540232241376325,4.750240695581143e-07,Hobnob
0.0679723363582404,1.4216364826199557,0.0009940857562366,0.0044651892732678,10.1799539128314,3.782621465149593e-07,Hobnob
0.0822107827665412,1.3478763326155172,0.0010147976437417,0.0056907800115104,14.324977057919524,2.552929377526144e-07,Rich Tea
0.0781939388205354,1.4607729760865067,0.0010126762722555,0.0095047312188303,25.381615313589627,8.678984644520405e-07,Digestive
0.0626769321963057,1.3196445200243705,0.0010018734231959,0.0080035087150641,17.73990897091775,4.521101059526911e-07,Hobnob
0.0671931645846903,1.3765777009814446,0.0009899842620411,0.007901119004792,28.673537087883517,3.328350144403625e-07,Rich Tea
0.0651221967484576,1.383954165508131,0.0010008354700743,0.0106548950667366,21.54543635304305,8.614971559827265e-07,Digestive
0.0557673074447565,1.4162636262302186,0.0009990346933397,0.0035474232235306,12.128142200335086,2.3695594578904198e-07,Rich Tea
0.0702603389016185,1.4729133882311276,0.0010037426995308,0.0056777751276998,22.526945577607695,4.204342013425531e-07,Hobnob
0.085440193882569,1.511240520132287,0.0009873260057184,0.0050050117939205,13.922757244448364,7.047711537942716e-07,Digestive
0.0668372357011043,1.4643554998172583,0.0009961027452323,0.0039797531768117,13.153959889439191,3.40187413593383e-07,Rich Tea
0.0631401137390522,1.505443761768302,0.0009997443801824,0.0032187898262149,20.34645252258364,2.476260280326087e-07,Rich Tea
0.0684506415408443,1.2638558072636212,0.0010005018531432,0.0152029643156226,27.28546448287057,8.263051405042865e-07,Digestive
0.0686482843248847,1.5093818784878272,0.0009930201221917,0.0058312708524241,18.04896257621944,8.809700641599376e-07,Digestive
0.0876334304321534,1.5015396093928377,0.0009990153797433,0.0050366827407455,10.455011316953522,8.293966754647991e-07,Digestive
0.0793556339875146,1.5053473083825626,0.0010051859532084,0.0055930838068224,14.429046325008487,8.550193423305071e-07,Digestive
0.0610736859860546,1.5323227595926143,0.0010008825966059,0.0038918828408421,22.503038714438087,5.795384166586208e-07,Hobnob
0.0765067657187721,1.5125724585164126,0.0010019466400046,0.0071008205434333,29.301870649846524,7.767678325285913e-07,Digestive
0.088234838026333,1.4162410088438024,0.0009981471045951,0.005858188920324,12.452661582418973,4.065467223704069e-07,Hobnob
0.0940026043204896,1.4770300489220236,0.0009930208755679,0.0073812993606219,15.710905858373955,7.692629441770661e-07,Digestive
0.075619929511859,1.5489280403652896,0.000999372844682,0.0032297110839569,15.534586286657708,8.213679757710218e-07,Digestive
0.056394046684357,1.451596682929147,0.001011557175433,0.0064163139120473,14.07520148415579,8.871644677783623e-07,Digestive
0.0571280019343922,1.495505317408999,0.0009915364691284,0.0062916150463919,24.24109908724877,7.799463982164748e-07,Digestive
0.0758467694268628,1.5519133409061872,0.0010062773381207,0.0022043826976105,23.40185017135652,2.862847125107291e-07,Rich Tea
0.0769409129504242,1.5630335470932042,0.0009925497341759,0.0015122355238512,21.03944113834055,3.708986249482304e-07,Rich Tea
0.0863830437319242,1.4160827245130043,0.0010193978183071,0.0072784687701791,10.81939985040703,7.422388958350739e-07,Digestive
0.0620271074080528,1.5220699898196148,0.0010189712829064,0.0030638679916929,13.719054893172002,4.6090481880954053e-07,Hobnob
0.0712968186699835,1.5233503633215952,0.0009791188622604,0.0044394385928963,23.83489872741599,4.829688626824858e-07,Hobnob
0.0908795480861751,1.5164625909509877,0.000982962872119,0.0032506370198506,15.633884548402214,2.730738239269172e-07,Rich Tea
0.0790422102136846,1.5263068939576312,0.0009876673308499,0.0049014273854273,29.76062913024159,4.631271698087755e-07,Hobnob
0.0630847447032977,1.3771220623961566,0.001018432991421,0.0077946768708449,13.058660911172469,7.635186667253067e-07,Digestive
0.0798998549483866,1.566206871029429,0.0010018271338073,0.0013050207648562,19.66661479850576,4.7879112909515e-07,Rich Tea
0.0861154895947085,1.4726467065700684,0.0009993538357551,0.0090562975719225,22.36577477020055,8.515696544361666e-07,Digestive
0.0874078993348664,1.4771414922137245,0.0009835886160519,0.0092486331281393,24.793669186847307,8.189772254008458e-07,Digestive
0.0697019387955113,1.4567240422994188,0.0010196026683214,0.0049476116397088,21.565544744969195,2.9172642849085664e-07,Rich Tea
0.080887530055923,1.4154969560881998,0.0010087649395215,0.00525629431498,14.25554525775832,3.22882162034498e-07,Rich Tea
0.0797046538845191,1.450594498040049,0.0010101969834741,0.0075069736274876,18.593979267951696,6.095021014918155e-07,Digestive
0.0679341900957561,1.5350358405358155,0.0009993691067947,0.0045556850561797,19.245474855947137,8.991764452549078e-07,Digestive
0.0743035666307174,1.3690764934117794,0.0010122576900537,0.0068110740424761,12.160282840072966,5.254355343360776e-07,Hobnob
0.0658285845103742,1.2643020547777717,0.0009864126474796,0.0072697146436641,15.493447539522483,3.447634221714039e-07,Rich Tea
0.0776989452848891,1.4818467436298275,0.0009889640397853,0.0060781631647395,21.9675309467532,4.75189336162291e-07,Hobnob
0.0677763697977258,1.488292824309492,0.0010114443317627,0.0065950488054137,18.163633643371124,8.798032498155425e-07,Digestive
0.0741658822974924,1.5548170747480126,0.0009970353486755,0.0030412298061078,18.000978035700996,8.652230217080245e-07,Digestive
0.0814149490040408,1.4399097238828615,0.0010108668113983,0.0091193142394777,19.136712801947784,8.128784620385631e-07,Digestive
0.0868386665870844,1.5244173558060627,0.0010071455587241,0.0030176830456853,11.393454775985576,3.9808074985526123e-07,Rich Tea
